"","Temperature.C","Specific.Growth.Rate.g.g.d"
"1",4.86206896551724,-0.000272488793362236
"2",4.82758620689655,-0.000317691414163531
"3",4.79310344827586,-0.000362636898537332
"4",4.75862068965517,-0.000407321659871698
"5",4.72413793103448,-0.000451742203368597
"6",4.68965517241379,-0.000495895126498897
"7",4.6551724137931,-0.000539777119491347
"8",4.62068965517241,-0.000583384965977914
"9",4.58620689655172,-0.000626715543153333
"10",4.55172413793103,-0.000669765822369114
"11",4.51724137931035,-0.000712532869121131
"12",4.48275862068965,-0.000755013843543387
"13",4.44827586206897,-0.000797206000403793
"14",4.41379310344828,-0.000839106689305935
"15",4.37931034482759,-0.000880713354664772
"16",4.3448275862069,-0.000922023535814574
"17",4.31034482758621,-0.000963034866866115
"18",4.27586206896552,-0.00100374507663922
"19",4.24137931034483,-0.00104415198848325
"20",4.20689655172414,-0.00108425352023579
"21",4.17241379310345,-0.00112404768366592
"22",4.13793103448276,-0.00116353258446836
"23",4.10344827586207,-0.00120270642180785
"24",4.06896551724138,-0.00124156748786807
"25",4.03448275862069,-0.00128011416757388
"26",4,-0.00131834493793798
"27",4.08333333333333,-0.00122390210361307
"28",4.16666666666667,-0.00112746432055859
"29",4.25,-0.00102908313072455
"30",4.33333333333333,-0.000928815389943726
"31",4.41666666666667,-0.000826723289429255
"32",4.5,-0.000722874356954236
"33",4.58333333333333,-0.000617341436186381
"34",4.66666666666667,-0.000510202643456782
"35",4.75,-0.000401541301155902
"36",4.83333333333333,-0.00029144584712924
"37",4.91666666666667,-0.000180009719548745
"38",5,-6.73312170945553e-05
"39",5.08333333333333,4.64866657346962e-05
"40",5.16666666666667,0.00016133642791393
"41",5.25,0.00027710627580874
"42",5.33333333333333,0.00039368036060838
"43",5.41666666666667,0.000510939038953626
"44",5.5,0.000628759155808833
"45",5.58333333333333,0.000747014347981241
"46",5.66666666666667,0.000865575367264672
"47",5.75,0.000984310421620318
"48",5.83333333333333,0.00110308553233287
"49",5.91666666666667,0.0012217649053764
"50",6,0.00134021131513785
"51",6.08333333333333,0.00145828649775568
"52",6.16666666666667,0.00157585155212306
"53",6.25,0.0016927673460997
"54",6.33333333333333,0.00180889492520201
"55",6.41666666666667,0.00192409592155862
"56",6.5,0.00203823296040457
"57",6.58333333333333,0.00215117006163031
"58",6.66666666666667,0.0022627730338347
"59",6.75,0.00237290985874654
"60",6.83333333333333,0.00248145106344224
"61",6.91666666666667,0.00258827007804153
"62",7,0.00269324357732829
"63",7.08333333333333,0.00279625180387256
"64",7.16666666666667,0.00289717887126179
"65",7.25,0.00299591304564725
"66",7.33333333333333,0.00309234700453207
"67",7.41666666666667,0.0031863780716226
"68",7.5,0.00327790842659395
"69",7.58333333333333,0.00336684528949068
"70",7.66666666666667,0.0034531010788758
"71",7.75,0.00353659354397133
"72",7.83333333333333,0.00361724587027323
"73",7.91666666666667,0.00369498675918465
"74",8,0.00376975048187016
"75",8.08333333333333,0.00384147690789787
"76",8.16666666666667,0.00391011150948841
"77",8.25,0.00397560534206869
"78",8.33333333333333,0.00403791500258871
"79",8.41666666666667,0.00409700256609436
"80",8.5,0.00415283550244453
"81",8.58333333333333,0.00420538657399921
"82",8.66666666666667,0.00425463371626497
"83",8.75,0.00430055990223902
"84",8.83333333333333,0.00434315299272387
"85",8.91666666666667,0.00438240557349703
"86",9,0.00441831478126261
"87",9.16666666666667,0.00449095457360241
"88",9.33333333333333,0.0046026034149777
"89",9.5,0.00470263653828889
"90",9.66666666666667,0.0047910291278545
"91",9.83333333333333,0.00486780699127882
"92",10,0.00493304142370033
"93",10.1666666666667,0.00498684399875569
"94",10.3333333333333,0.00502936138840759
"95",10.5,0.00506077029980526
"96",10.6666666666667,0.00508127260108117
"97",10.8333333333333,0.00509109069340787
"98",11,0.00509046317231916
"99",11.1666666666667,0.00507964080869286
"100",11.3333333333333,0.00505888286747742
"101",11.5,0.00502845377347287
"102",11.6666666666667,0.0049886201238286
"103",11.8333333333333,0.00493964804087859
"104",12,0.00488180085285929
"105",12.1666666666667,0.00481533708613126
"106",12.3333333333333,0.00474050874957543
"107",12.5,0.0046575598893204
"108",12.6666666666667,0.00456672539155011
"109",12.8333333333333,0.0044682300098348
"110",13,0.00436228759428761
"111",13.1666666666667,0.00424910049976873
"112",13.3333333333333,0.00412885915175792
"113",13.5,0.00400174174931241
"114",13.6666666666667,0.00386791408592627
"115",13.8333333333333,0.0037275294704004
"116",14,0.00358072873121497
"117",14.1666666666667,0.00342764028936739
"118",14.3333333333333,0.0032683802858416
"119",14.5,0.00310305275077237
"120",14.6666666666667,0.00293174980291187
"121",14.8333333333333,0.00275455186889484
"122",15,0.00257152791175275
"123",15.1666666666667,0.00238273565977093
"124",15.3333333333333,0.00218822182653139
"125",15.5,0.00198802231293485
"126",15.6666666666667,0.00178216238215141
"127",15.8333333333333,0.00157065679816202
"128",16,0.00135350991705219
"129",16.1666666666667,0.00113071571974399
"130",16.3333333333333,0.00090225777267241
"131",16.5,0.000668109101257727
"132",16.6666666666667,0.000428231957237644
"133",16.8333333333333,0.00018257745834806
"134",17,-6.89149264508997e-05
"135",17.1666666666667,-0.000326318078598076
"136",17.3333333333333,-0.000589718157918664
"137",17.5,-0.000859215804779129
"138",17.6666666666667,-0.00113492767589584
"139",17.8333333333333,-0.00141698838565089
"140",18,-0.00170555294104605
"141",18.1666666666667,-0.00200079977853127
"142",18.3333333333333,-0.00230293453370571
"143",18.5,-0.00261219470447947
"144",18.6666666666667,-0.00292885540185684
"145",18.8333333333333,-0.00325323642371978
"146",19,-0.00358571093485445
"147",19.1333333333333,-0.00384397998696535
"148",19.2666666666667,-0.00410787790986969
"149",19.4,-0.00437770045094184
"150",19.5333333333333,-0.00465378654909197
"151",19.6666666666667,-0.00493652543314759
"152",19.8,-0.00522636488787838
"153",19.9333333333333,-0.00552382085037095
"154",20.0666666666667,-0.00582948851137222
"155",20.2,-0.00614405510170985
"156",20.3333333333333,-0.00646831454385632
"157",20.4666666666667,-0.00680318413441849
"158",20.6,-0.00714972339236711
"159",20.7333333333333,-0.00750915515029004
"160",20.8666666666667,-0.00788288887195224
"161",21,-0.00827254603658373
"162",21.1333333333333,-0.00867998722075132
"163",21.2666666666667,-0.00910734021620085
"164",21.4,-0.00955702812342498
"165",21.5333333333333,-0.0100317958376607
"166",21.6666666666667,-0.0105347326808646
"167",21.8,-0.0110692881243821
"168",21.9333333333333,-0.0116392766114932
"169",22.0666666666667,-0.0122488664793113
"170",22.2,-0.0129025470019339
"171",22.3333333333333,-0.013605066812558
"172",22.4666666666667,-0.0143613366793567
"173",22.6,-0.0151762901684303
"174",22.7333333333333,-0.016054697555349
"175",22.8666666666667,-0.0170009318672992
"176",23,-0.0180186914471353
"177",23.0666666666667,-0.0185220219168292
"178",23.1333333333333,-0.0190464284363949
"179",23.2,-0.0195923070455245
"180",23.2666666666667,-0.0202071629932891
"181",23.3333333333333,-0.0208424065418574
"182",23.4,-0.0214980410529608
"183",23.4666666666667,-0.0221739603489632
"184",23.5333333333333,-0.022869944145539
"185",23.6,-0.0235856553559831
"186",23.6666666666667,-0.024320639508593
"187",23.7333333333333,-0.025074326466852
"188",23.8,-0.0258460345747441
"189",23.8666666666667,-0.0266349772719144
"190",23.9333333333333,-0.0274402721351352
"191",24,-0.0282609522128996
"192",24.0666666666667,-0.0290959794290614
"193",24.1333333333333,-0.0299442597485051
"194",24.2,-0.0308046597265784
"195",24.2666666666667,-0.0316760240077285
"196",24.3333333333333,-0.0325571933046742
"197",24.4,-0.0334470223750653
"198",24.4666666666667,-0.0343443975220841
"199",24.5333333333333,-0.0352482531766273
"200",24.6,-0.0361575871687334
"201",24.6666666666667,-0.0370714743604561
"202",24.7333333333333,-0.0379890783903414
"203",24.8,-0.0389096613605646
"204",24.8666666666667,-0.0398325913817431
"205",24.9333333333333,-0.0407573479699376
"206",25,-0.041683525362935
